,商品名,価格
0,劇場版「鬼滅の刃」無限列車編【通常版】【Blu-ray】 [ 花江夏樹 ],3388
1,劇場版「鬼滅の刃」無限列車編【完全生産限定版】 [ 花江夏樹 ],6776
2,Canバッチgood！ 鬼滅の刃セットおもちゃ こども 子供 女の子 ままごと ごっこ 作る 6歳,3980
3,【店内全品P5倍!!】★ 【即納】鬼滅の刃 PUキーホルダー アニメ 漫画 グッズ 新品 アクリルキーホルダー ストラップ 炭治郎 ねずこ 善逸 伊之助 冨岡義勇 煉獄 胡蝶しのぶ 時透無一郎 映画化決定 ギフト おもしろ雑貨 【あす楽対応可】 【メール便OK】,770
4,劇場版「鬼滅の刃」無限列車編【完全生産限定版】【Blu-ray】 [ 花江夏樹 ],7623
5,鬼滅の刃 全巻 1〜23巻セット 全巻 全巻セット 新品 コミック 漫画 マンガ 本　吾峠 呼世晴 著 鬼滅の刃 きめつのやいば 鬼滅の刃 全巻 鬼滅の刃 1-23,11420
6,【ゲリラ！P10倍中】銀イオン抗菌加工 抗菌 抗ウィルス 冷感 メッシュ 生地合わせ 鬼滅の刃風 子供 鬼滅の刃 生地 鬼滅 洗える 和柄 市松 コスプレ 息がしやすい 日本製 仮装 スポーツ オールシーズン 吸湿速乾 快適 防臭 オシャれ ちいさめ 煉獄 しのぶ ねずこ 富岡,1000
7,鬼滅の刃 21 （ジャンプコミックス） [ 吾峠 呼世晴 ],484
8,和柄　ミニタオル{雑貨 キャラクター 鬼 滅 狩り 退治 和柄 アニメ 漫画}{ギフト 誕生日 プレゼント 景品}{イベント 子ども会 幼稚園 施設}[入学祝い 新生活 こどもの日 運動会]【色柄指定不可】,1458
9,ドンジャラ 鬼滅の刃,4700
10,鬼滅の刃 スポーツタオル きめつの刃 グッズ フェイスタオル キャラクター 鬼殺隊 柱 竈門炭治郎 竈門禰豆子 我妻善逸 嘴平伊之助 冨岡義勇 煉獄杏寿郎 宇髄天元 時透無一郎 胡蝶しのぶ 伊黒小芭内 甘露寺蜜璃 悲鳴嶼行冥 不死川実弥 メール便送料無料,1650
11,【エントリー＆楽天カードでP5倍】新品【正規品】鬼滅の刃 ねずこ たんじろう他 毛布敷きパッド シングル 100×205cm グッズ 竈門炭治郎 竈門禰豆子 我妻善逸 嘴平伊之助 冨岡義勇 胡蝶しのぶ 毀滅の刃 きめつのやいば【公式】【あす楽対応】,2980
12,「鬼滅の刃」の折れない心をつくる言葉 [ 藤寺郁光 ],1430
13,鬼滅の刃 20【電子書籍】[ 吾峠呼世晴 ],460
14,日本刀{鬼 滅 狩り 退治 鬼退治 鬼狩 鬼殺 和柄 玩具 おもちゃ 剣 ソード 侍 ちゃんばら なりきり ごっこ遊び}{ギフト 誕生日 プレゼント 景品}{イベント 子ども会}[入学祝い 新生活 こどもの日 運動会]【色柄指定不可】【不良対応不可】,219
15,【鬼退治　ウレタン　刀　60cm　】ソフト　なりきり　コスプレ　刀　刃　剣　侍　模造刀　アニメ　キャラクター　子ども　武器　道具　戦い　こども　小道具　こども用　コスチューム　チャンバラ　木刀　風　鬼滅　きめつ　アニメ　子ども　安全　痛くない　炭治郎,1480
16,【あす楽】 おもちゃ EPT-07384　ボードゲーム　鬼滅の刃　エアホッケー 誕生日 プレゼント 子供 女の子 男の子 ギフト,4455
17,鬼滅の刃 巾着 ねずこ 煉獄 炭治郎 弁当袋 小物入れ 冨岡義勇 禰豆子 胡蝶しのぶ プレゼントに お子様 誕生日 袋 れんごく,1280
18,鬼退治 がまぐち{雑貨 キャラクター 鬼 滅 狩り 退治 和柄 財布 ポーチ コンパクト ポケット財布 コインケース 小銭入れ}{ギフト 誕生日 プレゼント 景品}{イベント 子ども会 幼稚園 施設}[入学祝い 新生活 こどもの日 運動会]【色柄指定不可】,219
19,【おもちゃタイムセール】ドンジャラ 鬼滅の刃,4980
20,【鬼退治　ひんやり　接触　冷感　子ども用　マスク】　グッズ　キッズ　和柄　キャラクター　衛生用品　洗える　繰り返し　くりかえし　使える　速乾　アニメ　和柄　人気　マンガ　の刃　きめつ　炭治郎　冷ノ型　鬼滅　こども　子供　衛生用品　給食　掃除　そうじ　和柄,450
21,バンダイ 鬼滅の刃 きめつたまごっち いのすけっちカラー,1800
22,鬼滅の刃 しあわせの花 （JUMP jBOOKS） [ 吾峠 呼世晴 ],770
23,胡蝶しのぶ ダブルミラー キャラクター 小物 鬼滅の刃 手鏡 グッズ おしゃれ 折りたたみ 軽い きめつグッズ コスメ 劇場版 無限列車編 たまごっち かわいい,550
24,TVアニメ『鬼滅の刃』 公式キャラクターズブック 参ノ巻 （ジャンプコミックス セレクション） [ 吾峠 呼世晴 ],550
25,【楽天ブックス限定グッズ+楽天ブックス限定先着特典+他】劇場版「鬼滅の刃」無限列車編【完全生産限定版】【Blu-ray】(デザイン豆皿5種セット+リバーシブルタンブラー+他) [ 花江夏樹 ],12650
26,CBプリント生地 市松模様 （ グリーン 黒 ) CBプリント（綿100％）生地幅−約110cm （ 鬼滅の刃の衣装柄　鬼滅の刃 和柄 格子マスク きめつ いちまつ もよう きめつのやいば 炭治郎 ),96
27,ENS-MA-49　鬼滅の刃　炭治郎と禰豆子　150ピース ジグソーパズル パズル Puzzle ギフト 誕生日 プレゼント 誕生日プレゼント,1320
28,オックスキャラクター生地/2021キャラクター入園入学鬼滅の刃キャラクターモチーフ柄の生地/オックス生地/男の子/女の子/入園入学/スモック/レッスンバッグ/シューズバッグ/巾着袋/竈門炭治郎/竈門禰豆子/我妻善逸/嘴平伊之助/冨岡義勇/N21,187
29,『鬼滅の刃』流 強い自分のつくり方 [ 井島由佳 ],1430
