,ランキング,商品名,価格
0,1,Nintendo Switch Lite グレー,21978
1,2,新型モデル Nintendo Switch ニンテンドースイッチ 本体 Joy-Con (L) /（R)グレー 【新品】,40150
2,3,Nintendo Switch Lite ターコイズ,21978
3,4,新型モデル Nintendo Switch ニンテンドースイッチ 本体 Joy-Con (L) ネオンブルー/ (R) ネオンレッド【新品】,40449
4,5,Nintendo Switch Lite コーラル,21978
5,6,Nintendo Switch Lite イエロー,21978
6,7,任天堂　Nintendo Nintendo Switch Lite グレー[ニンテンドースイッチ ライト 本体 ゲーム機本体],21970
7,8,新型 Nintendo Switch ニンテンドースイッチ 本体 Joy-Con (L) ネオンブルー/ (R) ネオンレッド 任天堂 ゲーム機 プレゼント ギフト 家族 ファミリー [ラッピング対応可],40993
8,9,Nintendo Switch マリオレッド×ブルー セット【新品】,41360
9,10,【福袋】ニンテンドースイッチ 本体 Nintendo Switch 選べるソフト スペシャルスターターセット プレゼント セット 送料無料 バッテリー持続時間が長くなった新モデル,50999
10,11,【即日発送】【新品未開封】NintendoSwitch Joy-Con(L)ネオンブルー(R)ネオンレッド　【2019年8月新型モデル】HAD-S-KABAA 任天堂 ニンテンドー スイッチ ニンテンドースイッチ 本体　ゲーム ゲーム機 最新 Nintendo Switch,41980
11,12,Nintendo Switch モンスターハンターライズ スペシャルエディション【新品】,49680
12,13,(新品/店印無)任天堂 Nintendo Switch Joy-Con(L)(R)グレー バッテリー長持ちタイプ HAD-S-KAAAA,40050
13,14,任天堂　Nintendo [おひとり様一台限り]Nintendo Switch Lite イエロー[ニンテンドースイッチ ライト 本体 ゲーム機本体],21970
14,15,【新品】Nintendo Switch あつまれ どうぶつの森セット 本体 任天堂 ニンテンドー スイッチ 任天堂 ニンテンドー スイッチ,52165
15,16,任天堂　Nintendo [おひとり様一台限り]Nintendo Switch Lite ターコイズ[ニンテンドースイッチ ライト 本体 ゲーム機本体],21970
16,17,【新品・量販店印無】【500円クーポン】任天堂 Nintendo スイッチライト　 グレー　 本体　HDHSGAZAA,21850
17,18,(新品/店印無)任天堂 Nintendo Switch Joy-Con(L)/(R) 特別デザイン モンスターハンターライズ スペシャルエディション HAD-S-KGAGL,49700
18,19,Nintendo Switch Lite ターコイズ 任天堂 [HDH-S-BAZAA ニンテンドースイッチライト ターコイズ],21978
19,20,Nintendo Switch Lite イエロー 任天堂 [HDH-S-YAZAA ニンテンドースイッチライト イエロー],21978
20,21,【新品未開封】【14時までの注文で即日発送】Nintendo Switch モンスターハンターライズ スペシャルエディション　モンハンライズ　エディション　モンハン　任天堂 ニンテンドー スイッチ スイッチ 本体　ゲーム 最新 限定　新色　同梱版,51800
21,22,(新品/店印無)任天堂 Nintendo Switch Joy-Con(L)ネオンブルー/(R)ネオンレッド バッテリー長持ちタイプ HAD-S-KABAA,40450
22,23,Nintendo Switch 本体 JOY-CON(L) ネオンブルー/(R) ネオンレッド 任天堂 ニンテンドースイッチ バッテリー強化版 ■◇ HAD-S-KABAA 新型モデル,40470
23,24,新モデル 他店保証印あり Nintendo Switch ニンテンドースイッチ Joy-Con L ネオンブルー R ネオンレッド HAD-S-KABAA 新品 在庫あり,40380
24,25,訳あり Nintendo Switch Joy-Con(L)/(R) グレー,39980
25,26,Nintendo Switch Lite グレー 任天堂 [HDH-S-GAZAA ニンテンドースイッチライト グレー],21978
26,27,【新品 未開封品】Nintendo Switch Lite [コーラル]任天堂 ニンテンドー スイッチ,21900
27,28,[新品] 任天堂 新型Nintendo Switch JOY-CON(L) ネオンブルー/(R) ネオンレッド 4902370542912 スイッチ,40448
28,29,(新品/パッケージに傷凹アリ/店印無)任天堂 Nintendo Switch Joy-Con(L)(R)グレー バッテリー長持ちタイプ HAD-S-KAAAA,40000
29,30,新型モデル Nintendo Switch あつまれ どうぶつの森セット HAD-S-KEAGC【新品】,52160
